apiName,displayName,description,hidden,category
"ACH_BEGIN","So Small","Begin a life.","false","story"
"ACH_FIRST_STEPS","Three Steps","Take your first steps.","false","story"
"ACH_FIRST_WORD","First Word","Say your very first word.","false","story"
"ACH_CH1","Tiny","Finish Chapter I.","false","story"
"ACH_CH2","Wonder","Finish Chapter II.","false","story"
"ACH_CH3","Running","Finish Chapter III.","false","story"
"ACH_CH4","Together","Finish Chapter IV.","false","story"
"ACH_CH5","Little Ones","Finish Chapter V.","false","story"
"ACH_CH6","So Fast","Finish Chapter VI.","false","story"
"ACH_CH7","Winter","Finish Chapter VII.","false","story"
"ACH_THE_END","The Little Moments","Live a whole life.","false","story"
"ACH_YOUR_SONG","Your Mother’s Song","Sing the lullaby to your own child.","false","story"
"ACH_ALWAYS","Will You Always Be Here?","Answer the hardest question.","false","story"
"ACH_KEEP_1","Click","Keep your first moment.","false","album"
"ACH_KEEP_10","A Handful of Moments","Keep 10 moments.","false","album"
"ACH_KEEP_30","A Shoebox of Photographs","Keep 30 moments.","false","album"
"ACH_KEEP_60","A Full Album","Keep 60 moments.","false","album"
"ACH_PRESENT","Fully Present","Keep every moment in a chapter.","false","album"
"ACH_PASSED","It Happened Anyway","Let a moment pass you by.","false","album"
"ACH_AS_MOTHER","A Mother","Live a whole life as a mother.","false","path"
"ACH_AS_FATHER","A Father","Live a whole life as a father.","false","path"
"ACH_BOTH_LIVES","Two Lives","Live a whole life as a mother and as a father.","false","path"
"ACH_CALL_MOM","Mama’s Arms","Call for your mother in the nursery.","true","path"
"ACH_CALL_DAD","Papa’s Arms","Call for your father in the nursery.","true","path"
"ACH_WORD_WOOF","Woof","Make your first word a bark.","true","path"
"ACH_GRANDMA_LAP","Grandma’s Lap","Fall asleep on Grandma’s lap.","true","path"
"ACH_GRANDPA_LAP","Grandpa’s Whistle","Fall asleep on Grandpa’s lap.","true","path"
"ACH_DAUGHTER","A Daughter","Raise a daughter.","false","path"
"ACH_SON","A Son","Raise a son.","false","path"
"ACH_WAKE_SAM","Two Tired People","Wake Sam for the 3 a.m. feed.","true","path"
"ACH_LET_GO","Let Go","Let go of the bike.","true","path"
"ACH_HELD_ON","A Little Longer","Hold on to the bike a little longer.","true","path"
"ACH_SAID_NO","Not Today","Say no to working on a Saturday.","false","path"
"ACH_WORKAHOLIC","Just One More Email","Answer work five times in one life.","true","path"
"ACH_UNPLUGGED","Unplugged","Get through Chapter V without answering work once.","false","path"
"ACH_PUPPY","A New Biscuit","Say yes to the puppy.","true","path"
"ACH_EVERY_ANSWER","Every Answer Was True","Give each answer to “Will you always be here?” across your lives.","true","path"
"ACH_KONAMI","Party Hats","Up, up, down, down…","true","egg"
"ACH_TITLE_SWING","One More Push","Be very impatient on the title screen.","true","egg"
"ACH_FRIDGE","Old Friend","Find what is stuck to the fridge.","true","egg"
"ACH_PLANT_SNACK","Taste Test","Find out what the plant tastes like.","true","egg"
"ACH_HEDGEHOG","A Tiny Friend","Find who lives under the hedge.","true","egg"
"ACH_DIAPER","Your Turn","Volunteer for diaper duty.","true","egg"
"ACH_POSTCARD","Wish You Were Here","Check the mailbox.","true","egg"
"ACH_WISH","Make a Wish","Catch the shooting star.","true","egg"
